name	note	linestyle
start	leorchn
ladylu	1
tommy	3
catkai	6
orey	2
metro	3
simone	8
light	6
kcn	1
rambo	3
longo	3
毛绒虎爪	3
ggksw	3
boog	4
bul	3
bg6gil	3
车仔	1
navi	6
phantom	3
宸琥	4
狼王白牙	1
catmeow	4
咕喵	3

start	earth
zix
enma	0
黑助	1
randi		deprecated
mallards	0
lutz	1
丹波		deprecated
流银		deprecated
格兰艾尔
洛佩
寒沫
我留
墨菲

start	randi
vista

start	黏糊糊茶社
阿川阿虎

start	雏影社
厷雏

start	bscp
kcn
zoharwolf
森石灰水饺
毛绒虎爪
薄荷

start	tommy
cfox	小学同学

start	boog
bogex
海白菜
大城小调
布在摸鱼
astatos
平行合租日记
宸琥

start	荧光
boog
星芒社

start	bona
sinta
f2+a
助合帮帮忙
平行合租日记

start	狼小魂
f2+a

start	犬酱
助合帮帮忙
大人的压力

start	kelepot
wxf
bulwolf
zoharwolf
kcn

start	bul
zohar

start	履云录
亚罗神虎
zoharwolf

start	ojdog
klondike
pawprint
狮纳先辈

start	广州兽夏祭文化传播
兽夏祭
ojdog

start	klondike
beek
nekojishi
astatos

start	nekojishi
乩身之战

start	pawprint
药味忍法帖 系列
astatos
乩身之战
大城小调
布在摸鱼
翻转学园

start	警犬队的狼人
毅鼠
pawprint

start	翻转学园
ala
astatos
beek

start	煦风新笺
煦风社

start	竹本岚
signup
file:ex

start	jiron
药味忍法帖 系列
欺凌 系列
worldcell

start	fclg
worldcell
boomboomsatellite

start	derose
langzhu
班长与学弟 系列
ng

start	野兽大都汇
上海旦苞苞文化传播

start	重庆找毛聚汇传媒
绒雪节

start	天津好传文化传播
大理寺日志

start	武汉两点十分文化传播
巨兵长城传

start	极兽聚
上海端萌文化传播
二闹
昊月
车仔

start	广州福瑞文化传播
fartwing
茸之爪

start	郁洛气球
黑助

start	不再漂泊-游戏
leorchn
厷雏
煦风新笺

start	不再漂泊-动画
leorchn
巨兵长城传
大理寺日志

start	不再漂泊-兽展
leorchn
野兽大都汇
绒雪节

start	adastra
haps
astatos
